AREAS,SLUG,COLOR,ICON,DESCRIP,TIPO,EVALDIM,INDICADOR,FUENTE,
"Trabajo, ingresos, seguridad económica y desigualdad",economia,#a53331,flowbite:scale-balanced-solid,"Esta área aborda las condiciones económicas que influyen directamente en la salud de las personas, como el empleo digno, los ingresos adecuados, la protección frente a la pobreza y la inseguridad alimentaria. Incluye políticas relacionadas con el trabajo, la protección social y la redistribución del ingreso. Su monitoreo permite identificar desigualdades económicas que afectan el acceso a recursos esenciales para una vida saludable.",Determinantes sociales,Pobreza,Proporción de la población que vive por debajo del umbral internacional de pobreza,Base de datos de indicadores de los ODS de la ONU,"Edad, Sexo, Lugar de residencia (rural/urbano), Discapacidad"
"Trabajo, ingresos, seguridad económica y desigualdad",economia,#a53331,flowbite:scale-balanced-solid,"Esta área aborda las condiciones económicas que influyen directamente en la salud de las personas, como el empleo digno, los ingresos adecuados, la protección frente a la pobreza y la inseguridad alimentaria. Incluye políticas relacionadas con el trabajo, la protección social y la redistribución del ingreso. Su monitoreo permite identificar desigualdades económicas que afectan el acceso a recursos esenciales para una vida saludable.",Determinantes sociales,Pobreza multidimensional,Incidencia de la pobreza multidimensional,PNUD y OPHI (Oxford Poverty and Human Development Initiative),"Edad, Sexo del cabeza de  familia, Lugar de residencia (rural/urbano), Región subnacional, Etnia, raza o casta"
"Trabajo, ingresos, seguridad económica y desigualdad",economia,#a53331,flowbite:scale-balanced-solid,"Esta área aborda las condiciones económicas que influyen directamente en la salud de las personas, como el empleo digno, los ingresos adecuados, la protección frente a la pobreza y la inseguridad alimentaria. Incluye políticas relacionadas con el trabajo, la protección social y la redistribución del ingreso. Su monitoreo permite identificar desigualdades económicas que afectan el acceso a recursos esenciales para una vida saludable.",Determinantes sociales,Desigualdad de la riqueza,Índice de Gini,Global Data Lab (Laboratorio Mundial de Datos),"Situación económica, situación de pobreza, lugar de residencia (rural/urbano) y región subnacional"
"Trabajo, ingresos, seguridad económica y desigualdad",economia,#a53331,flowbite:scale-balanced-solid,"Esta área aborda las condiciones económicas que influyen directamente en la salud de las personas, como el empleo digno, los ingresos adecuados, la protección frente a la pobreza y la inseguridad alimentaria. Incluye políticas relacionadas con el trabajo, la protección social y la redistribución del ingreso. Su monitoreo permite identificar desigualdades económicas que afectan el acceso a recursos esenciales para una vida saludable.",Determinantes sociales,Condiciones de empleo y trabajo,Población ocupada urbana en empleos de baja productividad,CEPALSTAT,"Sexo, Ocupación"
"Trabajo, ingresos, seguridad económica y desigualdad",economia,#a53331,flowbite:scale-balanced-solid,"Esta área aborda las condiciones económicas que influyen directamente en la salud de las personas, como el empleo digno, los ingresos adecuados, la protección frente a la pobreza y la inseguridad alimentaria. Incluye políticas relacionadas con el trabajo, la protección social y la redistribución del ingreso. Su monitoreo permite identificar desigualdades económicas que afectan el acceso a recursos esenciales para una vida saludable.",Determinantes sociales,Condiciones de empleo y trabajo,Población asalariada que aporta a un sistema previsional,CEPALSTAT,"Sexo, Ocupación"
"Trabajo, ingresos, seguridad económica y desigualdad",economia,#a53331,flowbite:scale-balanced-solid,"Esta área aborda las condiciones económicas que influyen directamente en la salud de las personas, como el empleo digno, los ingresos adecuados, la protección frente a la pobreza y la inseguridad alimentaria. Incluye políticas relacionadas con el trabajo, la protección social y la redistribución del ingreso. Su monitoreo permite identificar desigualdades económicas que afectan el acceso a recursos esenciales para una vida saludable.",Determinantes sociales,Condiciones de empleo y trabajo,Accidentes laborales mortales entre los empleados (por 100 000 empleados),Base de datos de indicadores de los ODS de la ONU,"Sexo, estatus migratorio"
"Trabajo, ingresos, seguridad económica y desigualdad",economia,#a53331,flowbite:scale-balanced-solid,"Esta área aborda las condiciones económicas que influyen directamente en la salud de las personas, como el empleo digno, los ingresos adecuados, la protección frente a la pobreza y la inseguridad alimentaria. Incluye políticas relacionadas con el trabajo, la protección social y la redistribución del ingreso. Su monitoreo permite identificar desigualdades económicas que afectan el acceso a recursos esenciales para una vida saludable.",Determinantes sociales,Condiciones de empleo y trabajo,Lesiones profesionales no mortales entre los empleados (por 100 000 empleados),Base de datos de indicadores de los ODS de la ONU,"Sexo, estatus migratorio"
"Trabajo, ingresos, seguridad económica y desigualdad",economia,#a53331,flowbite:scale-balanced-solid,"Esta área aborda las condiciones económicas que influyen directamente en la salud de las personas, como el empleo digno, los ingresos adecuados, la protección frente a la pobreza y la inseguridad alimentaria. Incluye políticas relacionadas con el trabajo, la protección social y la redistribución del ingreso. Su monitoreo permite identificar desigualdades económicas que afectan el acceso a recursos esenciales para una vida saludable.",Determinantes sociales,Condiciones de empleo y trabajo,Mujeres con dedicación de cuidado exclusiva,CEPALSTAT,"Quintiles de ingreso, urbano/rural, grupos de edad, número de personas del hogar, numero de niñxs a cargo"
"Trabajo, ingresos, seguridad económica y desigualdad",economia,#a53331,flowbite:scale-balanced-solid,"Esta área aborda las condiciones económicas que influyen directamente en la salud de las personas, como el empleo digno, los ingresos adecuados, la protección frente a la pobreza y la inseguridad alimentaria. Incluye políticas relacionadas con el trabajo, la protección social y la redistribución del ingreso. Su monitoreo permite identificar desigualdades económicas que afectan el acceso a recursos esenciales para una vida saludable.",Determinantes sociales,Ingresos,Salario medio por hora de los empleados (moneda local),"Base de datos de indicadores de los ODS de la ONU, también en CEPALSTAT","Sexo, Ocupación"
"Trabajo, ingresos, seguridad económica y desigualdad",economia,#a53331,flowbite:scale-balanced-solid,"Esta área aborda las condiciones económicas que influyen directamente en la salud de las personas, como el empleo digno, los ingresos adecuados, la protección frente a la pobreza y la inseguridad alimentaria. Incluye políticas relacionadas con el trabajo, la protección social y la redistribución del ingreso. Su monitoreo permite identificar desigualdades económicas que afectan el acceso a recursos esenciales para una vida saludable.",Políticas ,Políticas sociales: Mercado laboral,Cumplimiento nacional de los derechos laborales,Base de datos de indicadores de los ODS de la ONU,N/A
"Trabajo, ingresos, seguridad económica y desigualdad",economia,#a53331,flowbite:scale-balanced-solid,"Esta área aborda las condiciones económicas que influyen directamente en la salud de las personas, como el empleo digno, los ingresos adecuados, la protección frente a la pobreza y la inseguridad alimentaria. Incluye políticas relacionadas con el trabajo, la protección social y la redistribución del ingreso. Su monitoreo permite identificar desigualdades económicas que afectan el acceso a recursos esenciales para una vida saludable.",Políticas ,Políticas sociales: Mercado laboral,Cobertura de las prestaciones de desempleo y programas de mercado de trabajo activo (ALMP),"Datos abiertos del Banco Mundial (Fuente original: The Atlas of Social Protection - Indicators of Resilience and Equity, Banco Mundial)",Situación económica
"Trabajo, ingresos, seguridad económica y desigualdad",economia,#a53331,flowbite:scale-balanced-solid,"Esta área aborda las condiciones económicas que influyen directamente en la salud de las personas, como el empleo digno, los ingresos adecuados, la protección frente a la pobreza y la inseguridad alimentaria. Incluye políticas relacionadas con el trabajo, la protección social y la redistribución del ingreso. Su monitoreo permite identificar desigualdades económicas que afectan el acceso a recursos esenciales para una vida saludable.",Políticas ,Políticas públicas: Protección social,Cobertura de los programas de trabajo y protección social,"Datos abiertos del Banco Mundial (Fuente original: The Atlas of Social Protection - Indicators of Resilience and Equity, Banco Mundial)",Situación económica
"Trabajo, ingresos, seguridad económica y desigualdad",economia,#a53331,flowbite:scale-balanced-solid,"Esta área aborda las condiciones económicas que influyen directamente en la salud de las personas, como el empleo digno, los ingresos adecuados, la protección frente a la pobreza y la inseguridad alimentaria. Incluye políticas relacionadas con el trabajo, la protección social y la redistribución del ingreso. Su monitoreo permite identificar desigualdades económicas que afectan el acceso a recursos esenciales para una vida saludable.",Políticas ,Políticas públicas: Protección social,Cobertura programas seguro social,"Datos abiertos del Banco Mundial (Fuente original: The Atlas of Social Protection - Indicators of Resilience and Equity, Banco Mundial)",Situación económica
"Trabajo, ingresos, seguridad económica y desigualdad",economia,#a53331,flowbite:scale-balanced-solid,"Esta área aborda las condiciones económicas que influyen directamente en la salud de las personas, como el empleo digno, los ingresos adecuados, la protección frente a la pobreza y la inseguridad alimentaria. Incluye políticas relacionadas con el trabajo, la protección social y la redistribución del ingreso. Su monitoreo permite identificar desigualdades económicas que afectan el acceso a recursos esenciales para una vida saludable.",Políticas ,Políticas públicas: Protección social,Proporción de niños u hogares que perciben prestaciones pecuniarias familiares o por hijo,Base de datos de indicadores de los ODS de la ONU,Sexo
"Trabajo, ingresos, seguridad económica y desigualdad",economia,#a53331,flowbite:scale-balanced-solid,"Esta área aborda las condiciones económicas que influyen directamente en la salud de las personas, como el empleo digno, los ingresos adecuados, la protección frente a la pobreza y la inseguridad alimentaria. Incluye políticas relacionadas con el trabajo, la protección social y la redistribución del ingreso. Su monitoreo permite identificar desigualdades económicas que afectan el acceso a recursos esenciales para una vida saludable.",Políticas ,Políticas públicas: Protección social,Población cubierta por al menos una prestación de protección social,Base de datos de indicadores de los ODS de la ONU,Sexo
Educación,educacion,#d46b36,flowbite:book-open-outline,"Considera tanto el acceso como la calidad y los resultados del sistema educativo, desde la educación inicial hasta la terciaria. El nivel educativo está estrechamente vinculado a la salud y a la capacidad de las personas para acceder a información, oportunidades laborales y servicios. Monitorear esta área permite evaluar brechas educativas y el impacto de políticas orientadas a garantizar una educación inclusiva y equitativa.",Determinantes sociales,Nivel educativo,Tasa finalización estudios,Base de datos de indicadores de los ODS de la ONU,"Sexo, urbano/rural y quintil de ingreso, por nivel educativo"
Educación,educacion,#d46b36,flowbite:book-open-outline,"Considera tanto el acceso como la calidad y los resultados del sistema educativo, desde la educación inicial hasta la terciaria. El nivel educativo está estrechamente vinculado a la salud y a la capacidad de las personas para acceder a información, oportunidades laborales y servicios. Monitorear esta área permite evaluar brechas educativas y el impacto de políticas orientadas a garantizar una educación inclusiva y equitativa.",Determinantes sociales,Nivel educativo,Población de 20 a 24 años con educación secundaria completa,CEPALSTAT,"Sexo, urbano/rural"
Educación,educacion,#d46b36,flowbite:book-open-outline,"Considera tanto el acceso como la calidad y los resultados del sistema educativo, desde la educación inicial hasta la terciaria. El nivel educativo está estrechamente vinculado a la salud y a la capacidad de las personas para acceder a información, oportunidades laborales y servicios. Monitorear esta área permite evaluar brechas educativas y el impacto de políticas orientadas a garantizar una educación inclusiva y equitativa.",Determinantes sociales,Cobertura y calidad,Tasa de participación en el aprendizaje organizado (un año antes de la edad oficial de ingreso en la enseñanza primaria),Encuestas de Demografía y Salud,"Sexo, Situación económica, Lugar de residencia (rural/urbano), Región subnacional"
Educación,educacion,#d46b36,flowbite:book-open-outline,"Considera tanto el acceso como la calidad y los resultados del sistema educativo, desde la educación inicial hasta la terciaria. El nivel educativo está estrechamente vinculado a la salud y a la capacidad de las personas para acceder a información, oportunidades laborales y servicios. Monitorear esta área permite evaluar brechas educativas y el impacto de políticas orientadas a garantizar una educación inclusiva y equitativa.",Determinantes sociales,Cobertura y calidad,Tasa neta de asistencia a la escuela secundaria,Encuestas de Demografía y Salud,"Sexo, Situación económica, Lugar de residencia (rural/urbano), Región subnacional"
Educación,educacion,#d46b36,flowbite:book-open-outline,"Considera tanto el acceso como la calidad y los resultados del sistema educativo, desde la educación inicial hasta la terciaria. El nivel educativo está estrechamente vinculado a la salud y a la capacidad de las personas para acceder a información, oportunidades laborales y servicios. Monitorear esta área permite evaluar brechas educativas y el impacto de políticas orientadas a garantizar una educación inclusiva y equitativa.",Determinantes sociales,Cobertura y calidad,Tasa neta de asistencia a la escuela primaria,Encuestas de Demografía y Salud,"Sexo, Situación económica, Lugar de residencia (rural/urbano), Región subnacional"
Educación,educacion,#d46b36,flowbite:book-open-outline,"Considera tanto el acceso como la calidad y los resultados del sistema educativo, desde la educación inicial hasta la terciaria. El nivel educativo está estrechamente vinculado a la salud y a la capacidad de las personas para acceder a información, oportunidades laborales y servicios. Monitorear esta área permite evaluar brechas educativas y el impacto de políticas orientadas a garantizar una educación inclusiva y equitativa.",Determinantes sociales,Cobertura y calidad,Calidad de la educación y el desarrollo de la primera infancia,Base de datos de indicadores de los ODS de la ONU,Sexo
Educación,educacion,#d46b36,flowbite:book-open-outline,"Considera tanto el acceso como la calidad y los resultados del sistema educativo, desde la educación inicial hasta la terciaria. El nivel educativo está estrechamente vinculado a la salud y a la capacidad de las personas para acceder a información, oportunidades laborales y servicios. Monitorear esta área permite evaluar brechas educativas y el impacto de políticas orientadas a garantizar una educación inclusiva y equitativa.",Determinantes sociales,Cobertura y calidad,Niños y jóvenes que alcanzan un nivel mínimo de competencia en lectura y matemáticas,Base de datos de indicadores de los ODS de la ONU,"Sexo, educación, tipo de formación"
Educación,educacion,#d46b36,flowbite:book-open-outline,"Considera tanto el acceso como la calidad y los resultados del sistema educativo, desde la educación inicial hasta la terciaria. El nivel educativo está estrechamente vinculado a la salud y a la capacidad de las personas para acceder a información, oportunidades laborales y servicios. Monitorear esta área permite evaluar brechas educativas y el impacto de políticas orientadas a garantizar una educación inclusiva y equitativa.",Políticas ,Políticas de educación,"Gasto público en educación, total (% del PIB)",Datos abiertos del Banco Mundial (Fuente original: Instituto de Estadística de la UNESCO),N/A
Educación,educacion,#d46b36,flowbite:book-open-outline,"Considera tanto el acceso como la calidad y los resultados del sistema educativo, desde la educación inicial hasta la terciaria. El nivel educativo está estrechamente vinculado a la salud y a la capacidad de las personas para acceder a información, oportunidades laborales y servicios. Monitorear esta área permite evaluar brechas educativas y el impacto de políticas orientadas a garantizar una educación inclusiva y equitativa.",Políticas ,Políticas de educación,"Ratio alumno-profesor, preescolar",Datos abiertos del Banco Mundial (Fuente original: Instituto de Estadística de la UNESCO),Sexo
Educación,educacion,#d46b36,flowbite:book-open-outline,"Considera tanto el acceso como la calidad y los resultados del sistema educativo, desde la educación inicial hasta la terciaria. El nivel educativo está estrechamente vinculado a la salud y a la capacidad de las personas para acceder a información, oportunidades laborales y servicios. Monitorear esta área permite evaluar brechas educativas y el impacto de políticas orientadas a garantizar una educación inclusiva y equitativa.",Políticas ,Políticas de educación,"Ratio alumnos-profesor, primaria",Datos abiertos del Banco Mundial (Fuente original: Instituto de Estadística de la UNESCO),Sexo
Educación,educacion,#d46b36,flowbite:book-open-outline,"Considera tanto el acceso como la calidad y los resultados del sistema educativo, desde la educación inicial hasta la terciaria. El nivel educativo está estrechamente vinculado a la salud y a la capacidad de las personas para acceder a información, oportunidades laborales y servicios. Monitorear esta área permite evaluar brechas educativas y el impacto de políticas orientadas a garantizar una educación inclusiva y equitativa.",Políticas ,Políticas de educación,"Ratio alumnos-profesor, secundaria",Datos abiertos del Banco Mundial (Fuente original: Instituto de Estadística de la UNESCO),Sexo
Ambiente físico,ambiente,#61b358,flowbite:home-outline,"Se refiere a las condiciones del entorno donde las personas viven y trabajan: vivienda adecuada, acceso a agua segura y saneamiento, calidad del aire, exposición a riesgos climáticos y acceso a energía limpia y transporte. También incluye aspectos como la seguridad vial y la planificación urbana. Esta área refleja cómo el ambiente físico puede potenciar o limitar la salud y el bienestar.",Determinantes sociales,Condiciones de vivienda y entorno residencial,Proporción de la población urbana que vive en barrios marginales,Base de datos de indicadores de los ODS de la ONU,N/A
Ambiente físico,ambiente,#61b358,flowbite:home-outline,"Se refiere a las condiciones del entorno donde las personas viven y trabajan: vivienda adecuada, acceso a agua segura y saneamiento, calidad del aire, exposición a riesgos climáticos y acceso a energía limpia y transporte. También incluye aspectos como la seguridad vial y la planificación urbana. Esta área refleja cómo el ambiente físico puede potenciar o limitar la salud y el bienestar.",Determinantes sociales,Condiciones de vivienda y entorno residencial,Población en hogares con hacinamiento,CEPALSTAT,"Sexo, quintil de ingreso, urbano/rural"
Ambiente físico,ambiente,#61b358,flowbite:home-outline,"Se refiere a las condiciones del entorno donde las personas viven y trabajan: vivienda adecuada, acceso a agua segura y saneamiento, calidad del aire, exposición a riesgos climáticos y acceso a energía limpia y transporte. También incluye aspectos como la seguridad vial y la planificación urbana. Esta área refleja cómo el ambiente físico puede potenciar o limitar la salud y el bienestar.",Determinantes sociales,Condiciones de vivienda y entorno residencial,Relación entre precio de la vivienda y renta,FMI,N/A
Ambiente físico,ambiente,#61b358,flowbite:home-outline,"Se refiere a las condiciones del entorno donde las personas viven y trabajan: vivienda adecuada, acceso a agua segura y saneamiento, calidad del aire, exposición a riesgos climáticos y acceso a energía limpia y transporte. También incluye aspectos como la seguridad vial y la planificación urbana. Esta área refleja cómo el ambiente físico puede potenciar o limitar la salud y el bienestar.",Determinantes sociales,Condiciones de vivienda y entorno residencial,Población adulta con derechos seguros de tenencia de la tierra con documentación legalmente reconocida,Base de datos de indicadores de los ODS de la ONU,"Sexo (nota: sólo para ambos sexos y femenino, no masculino), Comunidades locales"
Ambiente físico,ambiente,#61b358,flowbite:home-outline,"Se refiere a las condiciones del entorno donde las personas viven y trabajan: vivienda adecuada, acceso a agua segura y saneamiento, calidad del aire, exposición a riesgos climáticos y acceso a energía limpia y transporte. También incluye aspectos como la seguridad vial y la planificación urbana. Esta área refleja cómo el ambiente físico puede potenciar o limitar la salud y el bienestar.",Determinantes sociales,Condiciones de vivienda y entorno residencial,Población adulta con derechos seguros de tenencia de la tierra que percibe sus derechos a la tierra como seguros,Base de datos de indicadores de los ODS de la ONU,"Sexo (nota: sólo para ambos sexos y femenino, no masculino), Comunidades locales"
Ambiente físico,ambiente,#61b358,flowbite:home-outline,"Se refiere a las condiciones del entorno donde las personas viven y trabajan: vivienda adecuada, acceso a agua segura y saneamiento, calidad del aire, exposición a riesgos climáticos y acceso a energía limpia y transporte. También incluye aspectos como la seguridad vial y la planificación urbana. Esta área refleja cómo el ambiente físico puede potenciar o limitar la salud y el bienestar.",Determinantes sociales,Condiciones de vivienda y entorno residencial,Porcentaje medio de la superficie construida de las ciudades que es espacio abierto de uso público para todos,Base de datos de indicadores de los ODS de la ONU,"Edad, sexo y discapacidad"
Ambiente físico,ambiente,#61b358,flowbite:home-outline,"Se refiere a las condiciones del entorno donde las personas viven y trabajan: vivienda adecuada, acceso a agua segura y saneamiento, calidad del aire, exposición a riesgos climáticos y acceso a energía limpia y transporte. También incluye aspectos como la seguridad vial y la planificación urbana. Esta área refleja cómo el ambiente físico puede potenciar o limitar la salud y el bienestar.",Determinantes sociales,Condiciones de vivienda y entorno residencial,Población que utiliza servicios de agua potable gestionados de forma segura,Base de datos de indicadores de los ODS de la ONU y CEPALSTAT,Lugar de residencia (rural/urbano)
Ambiente físico,ambiente,#61b358,flowbite:home-outline,"Se refiere a las condiciones del entorno donde las personas viven y trabajan: vivienda adecuada, acceso a agua segura y saneamiento, calidad del aire, exposición a riesgos climáticos y acceso a energía limpia y transporte. También incluye aspectos como la seguridad vial y la planificación urbana. Esta área refleja cómo el ambiente físico puede potenciar o limitar la salud y el bienestar.",Determinantes sociales,Condiciones de vivienda y entorno residencial,Población que utiliza servicios de saneamiento gestionados de forma segura,Base de datos de indicadores de los ODS de la ONU,Lugar de residencia (rural/urbano)
Ambiente físico,ambiente,#61b358,flowbite:home-outline,"Se refiere a las condiciones del entorno donde las personas viven y trabajan: vivienda adecuada, acceso a agua segura y saneamiento, calidad del aire, exposición a riesgos climáticos y acceso a energía limpia y transporte. También incluye aspectos como la seguridad vial y la planificación urbana. Esta área refleja cómo el ambiente físico puede potenciar o limitar la salud y el bienestar.",Determinantes sociales,Condiciones de vivienda y entorno residencial,Población que utiliza una instalación para lavarse las manos con agua y jabón,Base de datos de indicadores de los ODS de la ONU,Lugar de residencia (rural/urbano)
Ambiente físico,ambiente,#61b358,flowbite:home-outline,"Se refiere a las condiciones del entorno donde las personas viven y trabajan: vivienda adecuada, acceso a agua segura y saneamiento, calidad del aire, exposición a riesgos climáticos y acceso a energía limpia y transporte. También incluye aspectos como la seguridad vial y la planificación urbana. Esta área refleja cómo el ambiente físico puede potenciar o limitar la salud y el bienestar.",Determinantes sociales,Condiciones de vivienda y entorno residencial,Proporción de la población que tiene acceso conveniente al transporte público,Base de datos de indicadores de los ODS de la ONU,Por ciudad
Ambiente físico,ambiente,#61b358,flowbite:home-outline,"Se refiere a las condiciones del entorno donde las personas viven y trabajan: vivienda adecuada, acceso a agua segura y saneamiento, calidad del aire, exposición a riesgos climáticos y acceso a energía limpia y transporte. También incluye aspectos como la seguridad vial y la planificación urbana. Esta área refleja cómo el ambiente físico puede potenciar o limitar la salud y el bienestar.",Determinantes sociales,Condiciones de vivienda y entorno residencial,Individuos que utilizan Internet,Base de datos Banco Mundial ,N/A
Ambiente físico,ambiente,#61b358,flowbite:home-outline,"Se refiere a las condiciones del entorno donde las personas viven y trabajan: vivienda adecuada, acceso a agua segura y saneamiento, calidad del aire, exposición a riesgos climáticos y acceso a energía limpia y transporte. También incluye aspectos como la seguridad vial y la planificación urbana. Esta área refleja cómo el ambiente físico puede potenciar o limitar la salud y el bienestar.",Determinantes sociales,Condiciones de vivienda y entorno residencial,Población sin acceso a internet en el hogar,CEPALSTAT,"Quintiles de ingreso, sexo y área"
Ambiente físico,ambiente,#61b358,flowbite:home-outline,"Se refiere a las condiciones del entorno donde las personas viven y trabajan: vivienda adecuada, acceso a agua segura y saneamiento, calidad del aire, exposición a riesgos climáticos y acceso a energía limpia y transporte. También incluye aspectos como la seguridad vial y la planificación urbana. Esta área refleja cómo el ambiente físico puede potenciar o limitar la salud y el bienestar.",Determinantes sociales,Condiciones de vivienda y entorno residencial,Proporción promedio de la población urbana con acceso conveniente a espacios públicos abiertos,Base de datos de indicadores de los ODS de la ONU,N/A
Ambiente físico,ambiente,#61b358,flowbite:home-outline,"Se refiere a las condiciones del entorno donde las personas viven y trabajan: vivienda adecuada, acceso a agua segura y saneamiento, calidad del aire, exposición a riesgos climáticos y acceso a energía limpia y transporte. También incluye aspectos como la seguridad vial y la planificación urbana. Esta área refleja cómo el ambiente físico puede potenciar o limitar la salud y el bienestar.",Determinantes sociales,Condiciones de vivienda y entorno residencial,Niveles medios anuales de partículas finas,Base de datos de indicadores de los ODS de la ONU,Lugar de residencia (rural/urbano)
Ambiente físico,ambiente,#61b358,flowbite:home-outline,"Se refiere a las condiciones del entorno donde las personas viven y trabajan: vivienda adecuada, acceso a agua segura y saneamiento, calidad del aire, exposición a riesgos climáticos y acceso a energía limpia y transporte. También incluye aspectos como la seguridad vial y la planificación urbana. Esta área refleja cómo el ambiente físico puede potenciar o limitar la salud y el bienestar.",Determinantes sociales,Catástrofes naturales,"Número de muertos, desaparecidos y personas directamente afectadas atribuido a catástrofes por cada 100.000 habitantes",Base de datos de indicadores de los ODS de la ONU,N/A
Ambiente físico,ambiente,#61b358,flowbite:home-outline,"Se refiere a las condiciones del entorno donde las personas viven y trabajan: vivienda adecuada, acceso a agua segura y saneamiento, calidad del aire, exposición a riesgos climáticos y acceso a energía limpia y transporte. También incluye aspectos como la seguridad vial y la planificación urbana. Esta área refleja cómo el ambiente físico puede potenciar o limitar la salud y el bienestar.",Determinantes sociales,Desplazamiento,"Desplazamientos internos causados por conflictos, violencia y catástrofes",Centro de Monitoreo de Desplazamientos Internos (IDMC) Informe Global sobre Desplazamientos Internos (GRID),N/A
Ambiente físico,ambiente,#61b358,flowbite:home-outline,"Se refiere a las condiciones del entorno donde las personas viven y trabajan: vivienda adecuada, acceso a agua segura y saneamiento, calidad del aire, exposición a riesgos climáticos y acceso a energía limpia y transporte. También incluye aspectos como la seguridad vial y la planificación urbana. Esta área refleja cómo el ambiente físico puede potenciar o limitar la salud y el bienestar.",Políticas ,Políticas de suelo,Cantidad de ayuda oficial al desarrollo relacionada con el agua y el saneamiento que forma parte de un plan de gasto coordinado por el gobierno,Base de datos de indicadores de los ODS de la ONU,N/A
Ambiente físico,ambiente,#61b358,flowbite:home-outline,"Se refiere a las condiciones del entorno donde las personas viven y trabajan: vivienda adecuada, acceso a agua segura y saneamiento, calidad del aire, exposición a riesgos climáticos y acceso a energía limpia y transporte. También incluye aspectos como la seguridad vial y la planificación urbana. Esta área refleja cómo el ambiente físico puede potenciar o limitar la salud y el bienestar.",Políticas ,Políticas relacionadas con WASH,Proporción de unidades administrativas locales con políticas y procedimientos establecidos y operativos para la participación de las comunidades locales en la gestión del agua y el saneamiento,Base de datos de indicadores de los ODS de la ONU,N/A
Ambiente físico,ambiente,#61b358,flowbite:home-outline,"Se refiere a las condiciones del entorno donde las personas viven y trabajan: vivienda adecuada, acceso a agua segura y saneamiento, calidad del aire, exposición a riesgos climáticos y acceso a energía limpia y transporte. También incluye aspectos como la seguridad vial y la planificación urbana. Esta área refleja cómo el ambiente físico puede potenciar o limitar la salud y el bienestar.",Políticas ,Políticas relacionadas con emergencia y desastres,Proporción de gobiernos locales que adoptan y aplican estrategias locales de reducción del riesgo de catástrofes en consonancia con las estrategias nacionales de reducción del riesgo de catástrofes,Base de datos de indicadores de los ODS de la ONU,N/A
Contexto social y comunitario,comunidad,#385495,flowbite:users-group-outline,"Explora las relaciones sociales, la cohesión comunitaria, la participación ciudadana, así como situaciones de violencia, discriminación, migración forzada y privación de libertad. También incluye indicadores de empoderamiento de género y envejecimiento saludable. Esta dimensión es clave para comprender cómo las redes sociales y el entorno social afectan el bienestar emocional y físico de las personas.",Determinantes sociales,Género,Índice de desigualdad de género,PNUD,N/A
Contexto social y comunitario,comunidad,#385495,flowbite:users-group-outline,"Explora las relaciones sociales, la cohesión comunitaria, la participación ciudadana, así como situaciones de violencia, discriminación, migración forzada y privación de libertad. También incluye indicadores de empoderamiento de género y envejecimiento saludable. Esta dimensión es clave para comprender cómo las redes sociales y el entorno social afectan el bienestar emocional y físico de las personas.",Determinantes sociales,Etnicidad,Porcentaje de población indígena por área de residencia,CEPALSTAT,"Sexo, urbano/rural, grupos de edad"
Contexto social y comunitario,comunidad,#385495,flowbite:users-group-outline,"Explora las relaciones sociales, la cohesión comunitaria, la participación ciudadana, así como situaciones de violencia, discriminación, migración forzada y privación de libertad. También incluye indicadores de empoderamiento de género y envejecimiento saludable. Esta dimensión es clave para comprender cómo las redes sociales y el entorno social afectan el bienestar emocional y físico de las personas.",Determinantes sociales,Etnicidad,Índice de lenguas en peligro,Atlas UNESCO de las lenguas del mundo en peligro,N/A
Contexto social y comunitario,comunidad,#385495,flowbite:users-group-outline,"Explora las relaciones sociales, la cohesión comunitaria, la participación ciudadana, así como situaciones de violencia, discriminación, migración forzada y privación de libertad. También incluye indicadores de empoderamiento de género y envejecimiento saludable. Esta dimensión es clave para comprender cómo las redes sociales y el entorno social afectan el bienestar emocional y físico de las personas.",Determinantes sociales,Migración,Migración neta,Base de datos Banco Mundial ,
Contexto social y comunitario,comunidad,#385495,flowbite:users-group-outline,"Explora las relaciones sociales, la cohesión comunitaria, la participación ciudadana, así como situaciones de violencia, discriminación, migración forzada y privación de libertad. También incluye indicadores de empoderamiento de género y envejecimiento saludable. Esta dimensión es clave para comprender cómo las redes sociales y el entorno social afectan el bienestar emocional y físico de las personas.",Determinantes sociales,Migración,"Número de refugiados por cada 100.000 habitantes, por país de origen (por 100.000 habitantes)",Base de datos de indicadores de los ODS de la ONU,N/A
Contexto social y comunitario,comunidad,#385495,flowbite:users-group-outline,"Explora las relaciones sociales, la cohesión comunitaria, la participación ciudadana, así como situaciones de violencia, discriminación, migración forzada y privación de libertad. También incluye indicadores de empoderamiento de género y envejecimiento saludable. Esta dimensión es clave para comprender cómo las redes sociales y el entorno social afectan el bienestar emocional y físico de las personas.",Determinantes sociales,Clase social,Distribución de la población ocupada por grupos ocupacionales,CEPALSTAT,Sexo
Contexto social y comunitario,comunidad,#385495,flowbite:users-group-outline,"Explora las relaciones sociales, la cohesión comunitaria, la participación ciudadana, así como situaciones de violencia, discriminación, migración forzada y privación de libertad. También incluye indicadores de empoderamiento de género y envejecimiento saludable. Esta dimensión es clave para comprender cómo las redes sociales y el entorno social afectan el bienestar emocional y físico de las personas.",Determinantes sociales,Discapacidad,Prevalencia de población en situación de discapacidad,Construcción por cada país. Ejemplo: Chile Encuesta de Discapacidad y Dependencia 2022,
Contexto social y comunitario,comunidad,#385495,flowbite:users-group-outline,"Explora las relaciones sociales, la cohesión comunitaria, la participación ciudadana, así como situaciones de violencia, discriminación, migración forzada y privación de libertad. También incluye indicadores de empoderamiento de género y envejecimiento saludable. Esta dimensión es clave para comprender cómo las redes sociales y el entorno social afectan el bienestar emocional y físico de las personas.",Determinantes sociales,Soporte social (cohesión social),"PENDIENTE (indicador de soporte social, nivel comunitario)",PENDIENTE,
Contexto social y comunitario,comunidad,#385495,flowbite:users-group-outline,"Explora las relaciones sociales, la cohesión comunitaria, la participación ciudadana, así como situaciones de violencia, discriminación, migración forzada y privación de libertad. También incluye indicadores de empoderamiento de género y envejecimiento saludable. Esta dimensión es clave para comprender cómo las redes sociales y el entorno social afectan el bienestar emocional y físico de las personas.",Determinantes sociales,Soporte social (cohesión social),Población que manifiesta su desconfianza en las instituciones políticas y del estado,CEPALSTAT,Sexo
Contexto social y comunitario,comunidad,#385495,flowbite:users-group-outline,"Explora las relaciones sociales, la cohesión comunitaria, la participación ciudadana, así como situaciones de violencia, discriminación, migración forzada y privación de libertad. También incluye indicadores de empoderamiento de género y envejecimiento saludable. Esta dimensión es clave para comprender cómo las redes sociales y el entorno social afectan el bienestar emocional y físico de las personas.",Determinantes sociales,Soporte social (cohesión social),Proporción de la población que cree que la toma de decisiones es inclusiva y da respuestas,Base de datos de indicadores de los ODS de la ONU,"Sexo, edad, discapacidad y grupo de población"
Contexto social y comunitario,comunidad,#385495,flowbite:users-group-outline,"Explora las relaciones sociales, la cohesión comunitaria, la participación ciudadana, así como situaciones de violencia, discriminación, migración forzada y privación de libertad. También incluye indicadores de empoderamiento de género y envejecimiento saludable. Esta dimensión es clave para comprender cómo las redes sociales y el entorno social afectan el bienestar emocional y físico de las personas.",Determinantes sociales,"Delincuencia, conflictos, violencia y seguridad",Número de víctimas de homicidio intencionado por cada 100.000 habitantes,Base de datos de indicadores de los ODS de la ONU,"Sexo, edad"
Contexto social y comunitario,comunidad,#385495,flowbite:users-group-outline,"Explora las relaciones sociales, la cohesión comunitaria, la participación ciudadana, así como situaciones de violencia, discriminación, migración forzada y privación de libertad. También incluye indicadores de empoderamiento de género y envejecimiento saludable. Esta dimensión es clave para comprender cómo las redes sociales y el entorno social afectan el bienestar emocional y físico de las personas.",Determinantes sociales,"Delincuencia, conflictos, violencia y seguridad",Muertes relacionadas con conflictos por cada 100.000 habitantes,Base de datos de indicadores de los ODS de la ONU,"Sexo, edad y causa"
Contexto social y comunitario,comunidad,#385495,flowbite:users-group-outline,"Explora las relaciones sociales, la cohesión comunitaria, la participación ciudadana, así como situaciones de violencia, discriminación, migración forzada y privación de libertad. También incluye indicadores de empoderamiento de género y envejecimiento saludable. Esta dimensión es clave para comprender cómo las redes sociales y el entorno social afectan el bienestar emocional y físico de las personas.",Determinantes sociales,"Delincuencia, conflictos, violencia y seguridad",Proporción de la población sometida a violencia física en los 12 meses,Base de datos de indicadores de los ODS de la ONU,"Sexo, edad, ingresos, educación, ciudadanía, origen étnico"
Contexto social y comunitario,comunidad,#385495,flowbite:users-group-outline,"Explora las relaciones sociales, la cohesión comunitaria, la participación ciudadana, así como situaciones de violencia, discriminación, migración forzada y privación de libertad. También incluye indicadores de empoderamiento de género y envejecimiento saludable. Esta dimensión es clave para comprender cómo las redes sociales y el entorno social afectan el bienestar emocional y físico de las personas.",Determinantes sociales,"Delincuencia, conflictos, violencia y seguridad",Proporción de la población sometida a violencia psicológica en los 12 meses,Base de datos de indicadores de los ODS de la ONU,"Sexo, edad, ingresos, educación, ciudadanía, origen étnico"
Contexto social y comunitario,comunidad,#385495,flowbite:users-group-outline,"Explora las relaciones sociales, la cohesión comunitaria, la participación ciudadana, así como situaciones de violencia, discriminación, migración forzada y privación de libertad. También incluye indicadores de empoderamiento de género y envejecimiento saludable. Esta dimensión es clave para comprender cómo las redes sociales y el entorno social afectan el bienestar emocional y físico de las personas.",Determinantes sociales,"Delincuencia, conflictos, violencia y seguridad",Proporción de la población sometida a violencia sexual en los 12 meses,Base de datos de indicadores de los ODS de la ONU,"Sexo, edad, ingresos, educación, ciudadanía, origen étnico"
Contexto social y comunitario,comunidad,#385495,flowbite:users-group-outline,"Explora las relaciones sociales, la cohesión comunitaria, la participación ciudadana, así como situaciones de violencia, discriminación, migración forzada y privación de libertad. También incluye indicadores de empoderamiento de género y envejecimiento saludable. Esta dimensión es clave para comprender cómo las redes sociales y el entorno social afectan el bienestar emocional y físico de las personas.",Determinantes sociales,"Delincuencia, conflictos, violencia y seguridad",Proporción de la población que se siente segura caminando sola por la zona en la que vive al anochecer,Base de datos de indicadores de los ODS de la ONU,"Edad, Sexo, Discapacidad, Origen étnico, Origen migratorio, Ciudadanía"
Contexto social y comunitario,comunidad,#385495,flowbite:users-group-outline,"Explora las relaciones sociales, la cohesión comunitaria, la participación ciudadana, así como situaciones de violencia, discriminación, migración forzada y privación de libertad. También incluye indicadores de empoderamiento de género y envejecimiento saludable. Esta dimensión es clave para comprender cómo las redes sociales y el entorno social afectan el bienestar emocional y físico de las personas.",Determinantes sociales,"Delincuencia, conflictos, violencia y seguridad",Proporción de mujeres y hombres jóvenes de 18 a 29 años que han sufrido violencia sexual a la edad de 18 años,Base de datos de indicadores de los ODS de la ONU,N/A
Contexto social y comunitario,comunidad,#385495,flowbite:users-group-outline,"Explora las relaciones sociales, la cohesión comunitaria, la participación ciudadana, así como situaciones de violencia, discriminación, migración forzada y privación de libertad. También incluye indicadores de empoderamiento de género y envejecimiento saludable. Esta dimensión es clave para comprender cómo las redes sociales y el entorno social afectan el bienestar emocional y físico de las personas.",Determinantes sociales,Discriminación,Población que declara haberse sentido discriminada,Base de datos de indicadores de los ODS de la ONU,"Sexo, discapacidad, motivos de discriminación"
Contexto social y comunitario,comunidad,#385495,flowbite:users-group-outline,"Explora las relaciones sociales, la cohesión comunitaria, la participación ciudadana, así como situaciones de violencia, discriminación, migración forzada y privación de libertad. También incluye indicadores de empoderamiento de género y envejecimiento saludable. Esta dimensión es clave para comprender cómo las redes sociales y el entorno social afectan el bienestar emocional y físico de las personas.",Políticas ,Género,Proporción de escaños ocupados por mujeres en los parlamentos locales (%),Base de datos de indicadores de los ODS de la ONU,N/A
Contexto social y comunitario,comunidad,#385495,flowbite:users-group-outline,"Explora las relaciones sociales, la cohesión comunitaria, la participación ciudadana, así como situaciones de violencia, discriminación, migración forzada y privación de libertad. También incluye indicadores de empoderamiento de género y envejecimiento saludable. Esta dimensión es clave para comprender cómo las redes sociales y el entorno social afectan el bienestar emocional y físico de las personas.",Políticas ,Género,Proporción de escaños ocupados por mujeres en los parlamentos nacionales,Base de datos de indicadores de los ODS de la ONU,N/A
Conductas relacionadas con la salud,salud,#6fabc2,flowbite:heart-outline,"Incluye factores como el consumo de alcohol y tabaco, la actividad física, la nutrición y los patrones alimentarios. Estos comportamientos están fuertemente influenciados por el entorno social y económico, y no solo por decisiones individuales. El monitoreo permite evaluar cómo las políticas de promoción de la salud y prevención de enfermedades impactan en estos hábitos.",Determinantes sociales,Alcohol,Consumo masivo de alcohol en litros,Base de datos de indicadores de los ODS de la ONU,"Sexo, edad"
Conductas relacionadas con la salud,salud,#6fabc2,flowbite:heart-outline,"Incluye factores como el consumo de alcohol y tabaco, la actividad física, la nutrición y los patrones alimentarios. Estos comportamientos están fuertemente influenciados por el entorno social y económico, y no solo por decisiones individuales. El monitoreo permite evaluar cómo las políticas de promoción de la salud y prevención de enfermedades impactan en estos hábitos.",Determinantes sociales,Tabaco,Prevalencia estandarizada por edad del consumo actual de tabaco entre las personas de 15 años o más,Base de datos de indicadores de los ODS de la ONU,Sexo
Conductas relacionadas con la salud,salud,#6fabc2,flowbite:heart-outline,"Incluye factores como el consumo de alcohol y tabaco, la actividad física, la nutrición y los patrones alimentarios. Estos comportamientos están fuertemente influenciados por el entorno social y económico, y no solo por decisiones individuales. El monitoreo permite evaluar cómo las políticas de promoción de la salud y prevención de enfermedades impactan en estos hábitos.",Determinantes sociales,Alimentación,Prevalencia de la subnutrición,Base de datos de indicadores de los ODS de la ONU,Lugar de residencia (rural/urbano)
Conductas relacionadas con la salud,salud,#6fabc2,flowbite:heart-outline,"Incluye factores como el consumo de alcohol y tabaco, la actividad física, la nutrición y los patrones alimentarios. Estos comportamientos están fuertemente influenciados por el entorno social y económico, y no solo por decisiones individuales. El monitoreo permite evaluar cómo las políticas de promoción de la salud y prevención de enfermedades impactan en estos hábitos.",Determinantes sociales,Alimentación,Prevalencia de inseguridad alimentaria grave en la población adulta,Base de datos de indicadores de los ODS de la ONU,"Lugar de residencia, Sexo"
Conductas relacionadas con la salud,salud,#6fabc2,flowbite:heart-outline,"Incluye factores como el consumo de alcohol y tabaco, la actividad física, la nutrición y los patrones alimentarios. Estos comportamientos están fuertemente influenciados por el entorno social y económico, y no solo por decisiones individuales. El monitoreo permite evaluar cómo las políticas de promoción de la salud y prevención de enfermedades impactan en estos hábitos.",Determinantes sociales,Alimentación,Adopción del etiquetado frontal,Pendiente,N/A
Conductas relacionadas con la salud,salud,#6fabc2,flowbite:heart-outline,"Incluye factores como el consumo de alcohol y tabaco, la actividad física, la nutrición y los patrones alimentarios. Estos comportamientos están fuertemente influenciados por el entorno social y económico, y no solo por decisiones individuales. El monitoreo permite evaluar cómo las políticas de promoción de la salud y prevención de enfermedades impactan en estos hábitos.",Determinantes sociales,Obesidad,Prevalencia de obesidad IMC>30,OMS,"Edad, sexo, zona de residencia (rural/urbana)"
Conductas relacionadas con la salud,salud,#6fabc2,flowbite:heart-outline,"Incluye factores como el consumo de alcohol y tabaco, la actividad física, la nutrición y los patrones alimentarios. Estos comportamientos están fuertemente influenciados por el entorno social y económico, y no solo por decisiones individuales. El monitoreo permite evaluar cómo las políticas de promoción de la salud y prevención de enfermedades impactan en estos hábitos.",Determinantes sociales,Actividad física,Prevalencia de actividad física insuficiente entre adultos mayores de 18 años (estimación bruta) (%),OMS,Sexo
Conductas relacionadas con la salud,salud,#6fabc2,flowbite:heart-outline,"Incluye factores como el consumo de alcohol y tabaco, la actividad física, la nutrición y los patrones alimentarios. Estos comportamientos están fuertemente influenciados por el entorno social y económico, y no solo por decisiones individuales. El monitoreo permite evaluar cómo las políticas de promoción de la salud y prevención de enfermedades impactan en estos hábitos.",Determinantes sociales,Lesiones de tráfico,Tasa de mortalidad por lesiones de tráfico,Base de datos de indicadores de los ODS de la ONU,"Sexo, grupo de edad"
Sistema de atención de salud,sistema,#7a00c2,icons8:doctor,"Evalúa el acceso, la disponibilidad, la asequibilidad y la calidad de los servicios de salud, incluyendo cobertura de medicamentos, personal de salud, infraestructura y gasto de bolsillo. Esta área es fundamental para analizar si el sistema de salud responde de manera equitativa a las necesidades de la población y si las políticas de cobertura universal son efectivas.",Determinantes sociales,Gasto,Proporción de la población con grandes gastos familiares en sanidad (superiores al 25%) en relación con el total de gastos o ingresos familiares,OMS,"Edad, sexo, residencia (rural/urbana), bienestar del hogar"
Sistema de atención de salud,sistema,#7a00c2,icons8:doctor,"Evalúa el acceso, la disponibilidad, la asequibilidad y la calidad de los servicios de salud, incluyendo cobertura de medicamentos, personal de salud, infraestructura y gasto de bolsillo. Esta área es fundamental para analizar si el sistema de salud responde de manera equitativa a las necesidades de la población y si las políticas de cobertura universal son efectivas.",Determinantes sociales,Gasto,Proporción de la población con grandes gastos familiares en sanidad (superiores al 10%) en relación con el total de gastos o ingresos familiares,OMS,"Edad, sexo, residencia (rural/urbana), bienestar del hogar"
Sistema de atención de salud,sistema,#7a00c2,icons8:doctor,"Evalúa el acceso, la disponibilidad, la asequibilidad y la calidad de los servicios de salud, incluyendo cobertura de medicamentos, personal de salud, infraestructura y gasto de bolsillo. Esta área es fundamental para analizar si el sistema de salud responde de manera equitativa a las necesidades de la población y si las políticas de cobertura universal son efectivas.",Determinantes sociales,Cobertura,Cobertura de los servicios de salud esenciales (Índice de cobertura univerdal de salud CUS),Base de datos de indicadores de los ODS de la ONU,Rural/urbana